DATE,MP,UI,DEI,UTS,UPR
1941-02-28,0.0291357834295404,,,0.0018,-0.0014
1941-03-31,0.0308564056265074,,,0.0092,-0.0118
1941-04-30,0.0025202906030665,,,0.0118,-0.0051
1941-05-31,0.0444554377840726,,,0.0017,0.0021999999999999
1941-06-30,0.0072238027232418,,,0.0055,-0.0002999999999999
1941-07-31,0.0119160909939135,,,0.001,0.0040999999999999
1941-08-31,0.0117757682273507,,,0.0006,0.0015999999999999
1941-09-30,0.0,,,-0.0024999999999999,0.0059999999999999
1941-10-31,0.0093286846578299,,,0.013,-0.0106
1941-11-30,0.0046319098576885,,,-0.0037999999999999,-0.0065
1941-12-31,0.0160363351685961,,,-0.0205,0.0183
1942-01-31,0.0202414210446431,,,0.0036,-0.0063
1942-02-28,0.0176610650564983,,,-0.0016,-0.0019
1942-03-31,0.0108868730258264,,,0.0066999999999999,-0.0029
1942-04-30,-0.0285479380823248,,,-0.0054,0.0034999999999999
1942-05-31,0.0022257994965579,,,0.0043,-0.0055
1942-06-30,0.0022208563136567,,,-0.0034,0.0031
1942-07-31,0.02410128227211,,,-0.0019,0.0002
1942-08-31,0.0298517792625276,,,0.0,-0.0002999999999999
1942-09-30,0.0228421133232363,,,-0.0035,0.0017
1942-10-31,0.0323270491147678,,,-0.0014,-0.0018
1942-11-30,0.0235810522495669,,,-0.0073,0.0041
1942-12-31,0.023030715246012,,,0.0010999999999999,0.0
1943-01-31,0.0094405927156375,,,-0.0005,0.0015999999999999
1943-02-28,0.0259745900954126,,,-0.0043,0.0010999999999999
1943-03-31,0.007302918997377,,,-0.0029,0.0011
1943-04-30,0.0126464882128694,,,0.0009999999999999,0.0001
1943-05-31,0.0071525589950449,,,0.0012,-0.0002
1943-06-30,-0.005357951008738,,,-0.002,0.0029999999999999
1943-07-31,0.03001272448423,,,-0.0039,0.002
1943-08-31,0.0206521564265913,,,-0.0017,-0.0001999999999999
1943-09-30,0.02523258338018,,,-0.0027,-0.0006
1943-10-31,0.014840707043882,,,-0.0033,-0.0014
1943-11-30,0.0130086773707165,,,-0.0038,-0.0023
1943-12-31,-0.0130086773707165,,,-0.002,0.0031
1944-01-31,0.0113910648901054,,,-0.0017,-9.999999999999984e-05
1944-02-29,0.0080560520091421,,,-0.0005999999999999,0.0001999999999999
1944-03-31,-0.0016072226893544,,,-0.0017,0.0026999999999999
1944-04-30,0.0,,,-0.0025,0.0021
1944-05-31,-0.0064488293197877,,,-0.001,-0.0023
1944-06-30,-0.0032430961989637,,,-0.003,0.0012
1944-07-31,-0.0016255007733545,,,-0.0002,-0.0002
1944-08-31,0.0129246489814605,,,-0.0010999999999999,0.0006999999999999
1944-09-30,-0.006438439528531,,,-0.0024,0.0005
1944-10-31,0.0032273960514688,,,-0.0026,0.0007
1944-11-30,-0.0080881047310437,,,-0.0014,0.0024
1944-12-31,-0.0032536481020342,,,0.0003999999999999,0.0107
1945-01-31,-0.0098188306920561,,,0.0089,-0.0050999999999999
1945-02-28,-0.0032903937408699,,,0.0039,-0.0031
1945-03-31,-0.0066258032000634,,,-0.0017,-0.0002999999999999
1945-04-30,-0.0184380408447966,,,0.0122,-0.0142
1945-05-31,-0.0274466989619748,,,0.0018,-0.0067
1945-06-30,-0.0228729443444413,,,0.0130999999999999,-0.0136999999999999
1945-07-31,-0.0234016122430755,,,-0.0124,0.0075
1945-08-31,-0.1096165442177508,,,-0.0012,-0.0021999999999999
1945-09-30,-0.0936839316708653,,,0.0016,-0.0022
1945-10-31,-0.041011228688069,,,0.0066,-0.0072
1945-11-30,0.0365347517992327,,,0.0087,-0.0093
1945-12-31,0.0044764768888363,,,0.0156,-0.0061
1946-01-31,-0.0574236244384978,,,-0.0013,0.0103
1946-02-28,-0.0509180563024509,,,-0.0005999999999999,0.0001999999999999
1946-03-31,0.099368597977234,,,-0.0028,0.0024
1946-04-30,-0.0181828570444455,,,-0.0173,0.0092
1946-05-31,-0.0373886694763698,,,-0.005,0.0031
1946-06-30,0.0600681323956937,,,0.0032,-0.0051
1946-07-31,0.0330789643503681,,,-0.0078,0.0028
1946-08-31,0.0362146305147557,,,-0.0149,0.0023
1946-09-30,0.0186471753976649,,,-0.0047,-0.0017
1946-10-31,0.0183133126045649,,,0.0036,-0.0054
1946-11-30,0.0060331444236192,,,-0.0092,0.0029
1946-12-31,0.0059895547945059,,,0.0107,-0.0032
1947-01-31,0.0118871908963091,,,-0.0044,0.0010999999999999
1947-02-28,0.0058837440155645,,,-0.0017,-0.0015999999999999
1947-03-31,0.0058565639893419,,,-0.0018,0.0047
1947-04-30,-0.007816398941431,-0.012122767,-0.004460302,-0.0075,0.0057
1947-05-31,0.0039158364628257,-0.009937779,-0.002973194,-0.0005,-0.0013
1947-06-30,0.0,0.00121581,0.000302987,-0.0028,-0.0006
1947-07-31,-0.0058795199116064,0.001778248,0.000417853,0.0025,-0.0043
1947-08-31,0.0058795199116064,0.002208119,0.000534892,0.0014999999999999,-0.0152
1947-09-30,0.0077859696645865,0.013507422,0.003431668,-0.0119,-0.0087
1947-10-31,0.0096408413427915,-0.00631656,-0.001431746,-0.0117,-0.0062
1947-11-30,0.0133457281770845,-0.001418908,-0.000155822,-0.0259,0.0075999999999999
1947-12-31,0.0037825835540243,0.007274663,0.001548024,-0.0283999999999999,0.0215999999999999
1948-01-31,0.0056402044512613,0.002130401,0.000463825,-0.0075,0.0003999999999999
1948-02-29,0.0018753425903939,-0.010223338,-0.00211742,-0.0051,-0.0007
1948-03-31,-0.0112981305956796,-0.014891535,-0.003389883,-0.0066,0.0081
1948-04-30,0.001893080268239,0.009231494,0.001985687,-0.0055,-0.0006999999999999
1948-05-31,0.01687144821418,0.00166551,0.000526358,0.0040999999999999,-0.0133
1948-06-30,0.0129267144264009,-0.000991724,-0.000336372,-0.0184,9.99999999999994e-05
1948-07-31,0.0,0.00382943,0.000945255,-0.0121,-0.0031
1948-08-31,-0.0036782845169343,-0.006185824,-0.001447511,-0.0099,0.0053999999999999
1948-09-30,-0.0073974089023165,-0.008836508,-0.002430381,-0.0092,0.0009999999999999
1948-10-31,0.0073974089023165,-0.00559134,-0.000658506,-0.0102,0.0016999999999999
1948-11-30,-0.0129746604818468,-0.009067594,-0.002068511,-0.0036,0.0009
1948-12-31,-0.0093767789069243,-0.005373044,-0.001179041,-0.0058,0.0075
1949-01-31,-0.009458464839203,-0.001295213,-0.000366588,-0.0033999999999999,-0.0044
1949-02-28,-0.009548782340996,-0.003437668,-0.00070677,-0.0068,-0.0010999999999999
1949-03-31,-0.0193828125181148,0.001442731,0.000287672,-0.0043,-0.0067
1949-04-30,-0.0058837440155645,0.001573206,0.00047061,-0.0106,0.0012
1949-05-31,-0.013882200327878,0.000266301,-8.13e-05,-0.0098,0.0019
1949-06-30,-0.0019915588295944,0.001183848,0.000197253,0.0049999999999999,-0.0083
1949-07-31,-0.0020029865333426,-0.008671433,-0.001860572,-0.0084,0.0066
1949-08-31,0.0099676730251059,0.00242902,0.000458422,0.0008999999999999,-0.0074
1949-09-30,0.0098766053642567,0.004078081,0.000924171,-0.0115,0.0031999999999999
1949-10-31,-0.0380464281052739,-0.002327679,-0.000550577,-0.0087999999999999,0.0048
1949-11-30,0.0261827418024949,0.002863629,0.000655815,-0.0084,0.0
1949-12-31,0.0177358991305327,-0.002863507,-0.000550419,-0.0056,-0.0197
1950-01-31,0.017426811007378,-0.00275288,-0.000701883,-0.0171,0.0098
1950-02-28,0.0038333059643558,0.00643798,0.001440578,-0.0086,-0.0013999999999999
1950-03-31,0.0319824604053891,0.002022756,0.000372315,-0.0104,0.0014
1950-04-30,0.0327924889955268,0.000803521,0.000379899,-0.0081999999999999,-0.0038
1950-05-31,0.0230284495934722,0.005061866,0.001015366,-0.0081999999999999,-0.0041
1950-06-30,0.0293393998948046,0.003602341,0.000805655,-0.0141,0.0048
1950-07-31,0.0317989045257318,0.006104642,0.001335646,-0.006,0.0014
1950-08-31,0.03082476118117,0.002230414,0.000531373,-0.0101999999999999,0.0024
1950-09-30,-0.006413449650402,0.002081115,0.000654259,-0.0192,0.0033
1950-10-31,0.006413449650402,0.002210431,0.00031294,-0.0178,0.0039999999999999
1950-11-30,-0.0015995103795805,-0.000581214,-8.32e-05,-0.0096,0.0019
1950-12-31,0.0174496083441937,0.010757747,0.002534668,-0.0119999999999999,0.0006999999999999
1951-01-31,0.0031354302742987,0.008779975,0.001726013,-0.0076,-0.0039
1951-02-28,0.0062531076919127,0.008743149,0.001950846,-0.0208,0.003
1951-03-31,0.004658537115922,-0.008848979,-0.00175495,-0.0293,-0.008
1951-04-30,0.0015499546471424,-0.00748349,-0.001789095,-0.0203,0.0054
1951-05-31,-0.0030965400608811,-0.00454182,-0.001018656,-0.0216,0.0054
1951-06-30,-0.0046715666949288,-0.008531391,-0.001666511,-0.0217,-0.0030999999999999
1951-07-31,-0.0157255162369254,-0.005325236,-0.001332411,-0.0007,0.0067
1951-08-31,-0.0095530150807343,-0.005152841,-0.001191175,-0.0056999999999999,0.0014999999999999
1951-09-30,0.0063827479711124,0.004522301,0.001291695,-0.0242,0.0023
1951-10-31,-0.0015918717318856,0.001660068,-7.31e-05,-0.0152999999999999,-0.0155
1951-11-30,0.0079282628111916,0.002848966,0.000847562,-0.0289999999999999,0.0074999999999999
1951-12-31,0.0062964938988856,0.001586734,0.000487609,-0.0217,0.0119
1952-01-31,0.0109286897406608,-0.005339643,-0.001485607,-0.0144999999999999,0.0171
1952-02-29,0.0061950361640845,-0.004611611,-0.001105135,-0.0142999999999999,-0.0099
1952-03-31,0.0030831853416257,-0.00275062,-0.000466382,-0.0043,-0.0035
1952-04-30,-0.0092782215057103,0.001122346,0.000316612,0.0011999999999999,-0.0175
1952-05-31,-0.0093592840714724,-0.001465417,-0.000152334,-0.019,0.0063999999999999
1952-06-30,-0.0094477085108155,0.000573211,0.000133818,-0.0163999999999999,0.0013
1952-07-31,-0.0159512693784984,0.003813294,0.000803443,-0.019,0.0036
1952-08-31,0.0623273600510168,-0.002253459,-0.000391115,-0.0251,0.0133
1952-09-30,0.0356131037197418,-0.00448765,-0.001335641,-0.0313,0.0112
1952-10-31,0.0101519881093543,0.001349118,8.79e-05,-0.0023,-0.0109
1952-11-30,0.0199999227704665,-0.000989353,0.000476254,-0.0189,0.0123
1952-12-31,0.0056393148324929,-0.000716543,-0.000300239,-0.0271,-0.0005
1953-01-31,0.0028103845946381,-0.003789549,-0.001066808,-0.0197,-0.0092
1953-02-28,0.0055971848164726,-0.0019772,4.32e-05,-0.0283,0.0046999999999999
1953-03-31,0.0083323268765078,0.001361478,3.76e-05,-0.0284999999999999,0.0055
1953-04-30,0.0041428333665272,0.002071198,0.00053706,-0.0306,-0.0142999999999999
1953-05-31,0.005492119222799,-0.000341823,-8.13e-06,-0.0366999999999999,0.0118
1953-06-30,-0.0041200959903466,0.001909996,-5.69e-06,0.0006999999999999,-0.0114
1953-07-31,0.0123046560494208,4.42e-05,0.000290493,-0.0172,0.0138
1953-08-31,-0.005447229941669,0.001244042,0.000110603,-0.0212,-0.0077
1953-09-30,-0.0207046095832392,0.000384951,-0.000179937,0.0094999999999999,-0.0046
1953-10-31,-0.0084023383143327,0.001305066,-0.000200862,-0.0104999999999999,0.0153
1953-11-30,-0.0242017959120497,-0.004440375,-0.000750156,-0.0187,-0.0024
1953-12-31,-0.0248020808367503,0.000771859,0.000240876,0.0062,-0.0034
1954-01-31,-0.0074110765944972,0.002388129,0.000138352,-0.0071,0.0034999999999999
1954-02-28,0.0029732320685029,0.001502284,0.000410879,0.0122,-0.0041999999999999
1954-03-31,-0.005955330614586,-0.002988371,-0.000577113,-0.0039,-0.0018999999999999
1954-04-30,-0.005985424612263,-0.002788454,-0.001004773,9.99999999999994e-05,-0.0138
1954-05-31,0.005985424612263,0.003421751,0.000807602,-0.0184,0.0045
1954-06-30,0.0029820985460831,0.000382697,1.66e-05,0.0087,-0.0099999999999999
1954-07-31,0.0014877210474608,-0.00297911,-0.000562059,0.007,-0.0094
1954-08-31,-0.0014877210474608,0.000184559,0.000265618,-0.0108,0.0054
1954-09-30,0.0014877210474608,-0.001199558,-0.000425368,-0.0102,0.005
1954-10-31,0.011817292997442,-0.002645925,-0.000629161,-0.0095,0.0034
1954-11-30,0.0160207134988539,0.003588832,0.000834659,-0.0123,0.005
1954-12-31,0.0129229741592027,0.000137698,0.000121225,-0.0028999999999999,-0.0047
1955-01-31,0.0225685899546705,0.000389957,0.000122174,-0.0356,0.0144
1955-02-28,0.012475160243035,0.002133803,0.000526945,-0.02,0.0014999999999999
1955-03-31,0.0231422652024217,-0.001378356,-0.000186024,-0.003,0.0005
1955-04-30,0.0120412644169638,-7.31e-05,0.000333463,-0.0127,-0.0002
1955-05-31,0.0158294972158561,-0.001153427,-0.000809137,-0.0086,-0.0091
1955-06-30,0.0013135555941508,-0.001841294,-0.0002717,-0.0221,0.0104999999999999
1955-07-31,0.0078115371027323,0.002544445,0.001159022,-0.0243,0.0061
1955-08-31,-0.0012984977387158,-0.001980672,-0.000433613,-0.0156,-0.0042
1955-09-30,0.0064708940284705,0.0048023,0.001257796,-0.0116999999999999,0.0002999999999999
1955-10-31,0.0166337754630219,-0.002426912,-0.000639586,-0.0063,-0.0066
1955-11-30,0.0025361102705883,0.001565255,0.000421845,-0.0268,0.0014999999999999
1955-12-31,0.0037921463056216,-0.001463322,0.000140131,-0.0187,0.0026
1956-01-31,0.0062838006697369,-0.002721118,-0.001030838,-0.0170999999999999,0.0020999999999999
1956-02-29,-0.0088102997149275,0.000917005,-0.000150931,-0.0243,0.0028
1956-03-31,0.0,0.001066689,0.000563267,-0.0380999999999999,0.0002999999999999
1956-04-30,0.0075557611762042,0.000873579,0.000552437,-0.0338,-0.0002
1956-05-31,-0.0088214084366353,0.002541159,0.000321293,-0.0034999999999999,-0.0173
1956-06-30,-0.0088999187687983,0.002943098,0.00031344,-0.0234,-0.0045
1956-07-31,-0.0311318385705603,0.00334326,0.000770193,-0.0457999999999999,0.0116
1956-08-31,0.0400317573393587,-0.00183762,-0.000268885,-0.0418,-0.0020999999999999
1956-09-30,0.0225309193405762,-0.000837742,0.00049688,-0.0209999999999999,-0.0038
1956-10-31,0.008625721489313,0.003034831,0.000181786,-0.0338,-0.0051
1956-11-30,-0.008625721489313,-0.002980001,-0.000229256,-0.0347,-0.0069
1956-12-31,0.014740418042177,0.001601819,0.000447955,-0.0477999999999999,0.0096999999999999
1957-01-31,-0.0036625084109065,-0.001752045,-0.000593905,0.0025,-0.0149
1957-02-28,0.0097445508227291,0.002082433,0.000375551,-0.0286,0.0067999999999999
1957-03-31,-0.0012134527825184,-0.000824398,0.000187839,-0.0334,0.0074
1957-04-30,-0.0134415023356559,-0.000658773,-0.000263426,-0.053,0.0156
1957-05-31,-0.0036986918012491,-0.000401628,-0.000268394,-0.033,-0.0052
1957-06-30,0.0024673139445776,0.00128451,0.000816578,-0.0486,-0.0142
1957-07-31,0.0061417821521168,-0.000611023,-0.000573836,-0.037,-0.0068999999999999
1957-08-31,0.0,0.000308429,0.000108091,-0.0314,-0.0011
1957-09-30,-0.0086045043595253,-0.001573771,-0.000335366,-0.0261,0.0018999999999999
1957-10-31,-0.0149283776369628,-0.002651833,-0.000419471,-0.0402999999999999,0.0073
1957-11-30,-0.0240952780265915,0.000940566,-8.17e-05,0.0175,-0.0222
1957-12-31,-0.0194480436690152,-4.1e-05,-0.000289398,-0.0023999999999999,0.0378
1958-01-31,-0.0184939335407277,0.004092183,-0.000106702,-0.0388,0.0183
1958-02-28,-0.0215597863629586,0.000338225,-0.0001963,-0.0144,-0.0108
1958-03-31,-0.012338345258207,0.004347615,0.000851951,-0.0050999999999999,-0.0148
1958-04-30,-0.016693306732856,1.15e-05,0.000247239,0.0055999999999999,-0.0023
1958-05-31,0.0097694438337665,-0.002657446,-0.001393716,-0.0112,0.003
1958-06-30,0.0260493931496692,-0.002300895,-0.000233636,-0.0251,0.0122
1958-07-31,0.014772601370586,-0.001722135,-0.000524272,-0.0361,0.0124999999999999
1958-08-31,0.0198026272961797,0.001223385,0.001589021,-0.0525999999999999,0.0114999999999999
1958-09-30,0.0091132127700861,-0.003132008,-0.001049971,-0.0286,0.0021
1958-10-31,0.0115867382092549,-0.001044873,-0.00057806,-0.0106,-0.0031
1958-11-30,0.0290244095755585,0.000915836,0.001253809,-0.0143,-0.0014999999999999
1958-12-31,0.0012436231252364,-0.001030014,-0.000333765,-0.0448,0.0123
1959-01-31,0.0147995262565068,-7.07e-06,-0.000178884,-0.0356999999999999,0.0052
1959-02-28,0.0193905960679372,-0.001552741,-8.17e-05,-0.0165,0.0008999999999999
1959-03-31,0.014305621893071,-0.00216129,-0.000699673,-0.0253,-0.01
1959-04-30,0.0210754166759739,-8.15e-05,0.000221614,-0.0397,-0.0055
1959-05-31,0.0149545091657552,0.00142004,0.000636638,-0.03,-0.0109
1959-06-30,0.0011414630210895,0.001122717,-8.63e-05,-0.0274,0.0034
1959-07-31,-0.0242399951127763,0.00017461,-0.000300589,-0.0260999999999999,0.0029
1959-08-31,-0.0344650611556036,0.000130674,0.001074667,-0.0361,-0.0026999999999999
1959-09-30,-0.0012105204240353,0.000423408,0.000185593,-0.0394999999999999,-0.0031
1959-10-31,-0.0072895217205051,0.001254757,-0.000191021,-0.0254,0.0015
1959-11-30,0.0060820424118226,-0.001967195,-0.000473624,-0.0524,0.0254
1959-12-31,0.0599815929800082,0.000548635,0.000906367,-0.0574,0.0063
1960-01-31,0.0259171324464317,-0.003760946,-0.001297464,-0.0337,-0.0005
1960-02-29,-0.008938853094234,0.000258533,0.000426025,-0.0230999999999999,-0.0076
1960-03-31,-0.0090194774195584,-0.001528499,-0.001643325,-0.0114,-0.0091
1960-04-30,-0.0079588019326393,0.00452535,0.001750371,-0.0501,0.0148
1960-05-31,-0.0011427674480151,-0.000620489,-0.000924935,-0.0171,-0.0173
1960-06-30,-0.0126530903615202,0.000641198,-0.000456103,-0.0156,-0.0031999999999999
1960-07-31,-0.0034756695244975,-0.002282905,-0.000212646,0.0121999999999999,-0.0110999999999999
1960-08-31,-0.0011626877980632,0.001986537,0.000378283,-0.0297,0.0184
1960-09-30,-0.0105211042848116,-0.000420144,0.0004765,-0.0155,-0.0138
1960-10-31,-0.0011763601105547,0.003820347,-2.4e-05,-0.0276,0.0036
1960-11-30,-0.0142164527906167,0.000135245,0.000281681,-0.0296,-0.0004
1960-12-31,-0.0192782453664035,-0.00014745,0.000345981,0.0042,-0.0175
1961-01-31,0.0012164048826606,-0.000494444,-0.00040898,-0.0332,0.0255
1961-02-28,-0.0012164048826606,-0.001091332,0.000112635,-0.0023999999999999,0.001
1961-03-31,0.0060627844371925,-0.001203968,-0.000541346,-0.0279,0.0008
1961-04-30,0.0203489505530187,-0.001668489,-0.000350373,-0.0124,-0.0231
1961-05-31,0.0152842310387741,0.00069362,0.000379524,-0.0275,0.0095
1961-06-30,0.0139077586770848,-0.000691771,-0.000345745,-0.0304,-0.0005
1961-07-31,0.0114389093579858,0.002331352,4.28e-05,-0.0198,0.0005
1961-08-31,0.0090603565342717,0.00027944,0.000372662,-0.0262,0.002
1961-09-30,-0.0011243922963828,0.000573666,0.000362919,-0.011,0.0014999999999999
1961-10-31,0.0190024927696348,-0.001124367,-0.000571691,-0.0157,0.0055999999999999
1961-11-30,0.015384352892295,-0.000552675,0.000126105,-0.025,0.0048
1961-12-31,0.0086865239601454,0.000321386,0.000546965,-0.0373,0.0099
1962-01-31,-0.0086865239601454,-0.000226578,-0.000417569,-0.0273999999999999,0.0094
1962-02-28,0.0162253250215895,0.001519339,0.000346662,-0.0169,-0.0051
1962-03-31,0.0053531081258886,0.000835872,0.000448074,-0.002,-0.0101999999999999
1962-04-30,0.0021292844016689,-0.00027797,-5.2e-05,-0.0189999999999999,0.006
1962-05-31,-0.0010660580445804,-0.000558389,-0.000491162,-0.0227,-0.0046
1962-06-30,-0.002131557975074,-0.002052339,0.000326492,-0.0345,0.005
1962-07-31,0.009566272118942,-0.001055313,-0.000789376,-0.0382,0.0094
1962-08-31,0.0010581657744386,0.001386573,0.000191215,-0.0104999999999999,-0.0044
1962-09-30,0.0063255879044241,0.003824744,0.001300982,-0.0220999999999999,0.0027999999999999
1962-10-31,0.0010503854005521,-0.003404886,-0.001275493,-0.0194,-0.0015999999999999
1962-11-30,0.004186656736417,-0.000813604,0.000309233,-0.0253,0.0040999999999999
1962-12-31,0.0,-0.001122837,-0.000264352,-0.0248,-0.0012
1963-01-31,0.0072876290115209,0.001114551,-1.31e-05,-0.0288,0.006
1963-02-28,0.0113479333521895,0.00046783,9.74e-05,-0.0283,0.0015
1963-03-31,0.006134206968535,4.1e-05,0.000399768,-0.0283,0.0017
1963-04-30,0.0091332073642491,-0.002326349,-0.000755282,-0.0301,-0.0039
1963-05-31,0.012046808771378,0.000396469,-6.84e-05,-0.0267,0.0024999999999999
1963-06-30,0.0029910125204688,0.002753337,0.001104353,-0.0274,0.0024
1963-07-31,-0.003990008037511,0.000986846,-8.94e-05,-0.0268,-0.0002999999999999
1963-08-31,0.0019969940379529,0.000419297,0.000355681,-0.0297,0.0014
1963-09-30,0.0099182417226311,-0.002865596,-0.000479882,-0.0328,-0.0027
1963-10-31,0.0068898036385673,-0.000433541,-0.000364472,-0.0363999999999999,0.0075
1963-11-30,0.0048887579771128,-7e-05,0.000377154,-0.0294,-0.0036
1963-12-31,-0.0019540904082333,0.001821287,0.000201631,-0.0358,-0.0028
1964-01-31,0.0087598882035511,0.000317179,-0.000167968,-0.0366,0.0101
1964-02-29,0.0067597918425215,-0.002426062,0.000115603,-0.0363,0.0065
1964-03-31,0.0,-0.000601487,-0.000535721,-0.0315999999999999,-0.0098999999999999
1964-04-30,0.0162303816510962,-0.000712701,-0.000500387,-0.0307,-0.0007
1964-05-31,0.0056650211823456,0.000433368,0.000653802,-0.0297,0.0007
1964-06-30,0.0028222673446371,-0.000221372,-0.000385414,-0.0278999999999999,-0.0021
1964-07-31,0.0065510093830556,-0.000481431,-0.000151093,-0.0339999999999999,0.0043999999999999
1964-08-31,0.006508372820154,0.000313888,-2.47e-05,-0.0326,0.0017
1964-09-30,0.003698668052706,0.000337653,0.000377573,-0.03,-0.0029
1964-10-31,-0.0139472081872193,0.000280536,-2.81e-05,-0.031,0.0007
1964-11-30,0.0304324266977591,0.001910315,0.000540377,-0.034,-0.0021
1964-12-31,0.0117373619084415,-0.000237099,-0.000185903,-0.0334,0.0058
1965-01-31,0.0107130479883528,-0.000372477,0.000192072,-0.0344,0.0040999999999999
1965-02-28,0.0062005134682818,-0.001524088,-5.83e-05,-0.0367,-0.0005
1965-03-31,0.0131522700995447,-0.000507122,-0.000488791,-0.0339,-0.0042
1965-04-30,0.004344853149067,0.001256262,0.000435313,-0.0357,-0.0015
1965-05-31,0.0077760389767878,0.001769413,0.000481126,-0.0375,-0.0026
1965-06-30,0.0077160384609666,0.002227713,0.000323773,-0.0341999999999999,-0.0044
1965-07-31,0.0093481226712603,-0.00316668,-0.000619661,-0.0358,-0.0003
1965-08-31,0.0042201442341314,-0.002547922,-0.000768425,-0.0397,0.0007
1965-09-30,0.0025254395777483,0.001387165,0.000576347,-0.0418,0.0018999999999999
1965-10-31,0.0100353647457853,-0.000457107,-0.000120699,-0.0365,0.0018999999999999
1965-11-30,0.0041500626182342,0.001869851,0.000152402,-0.0465,0.0004999999999999
1965-12-31,0.0123508833310297,0.001707529,0.000874401,-0.0487,-0.0071
1966-01-31,0.0097708314991669,-0.001370057,-0.000461184,-0.0542,0.0126
1966-02-28,0.0064622473148108,0.004403584,0.001282364,-0.0709,0.0137
1966-03-31,0.0135955350698324,-2.04e-05,-0.000169829,-0.0169,-0.0355
1966-04-30,0.0015880843900495,0.000139822,0.000427696,-0.0522,0.0076
1966-05-31,0.0094700624077055,-0.001224398,-0.000650878,-0.0521,0.0033
1966-06-30,0.0047016113739131,-0.001812771,-0.000235374,-0.0479999999999999,0.0046
1966-07-31,0.0054579019663996,-0.000344829,0.000187204,-0.0487,-0.0060999999999999
1966-08-31,0.0007776870707578,0.003452885,0.000528507,-0.0686,-0.0052999999999999
1966-09-30,0.0092825109807952,-0.000161928,0.00045477,-0.0163999999999999,-0.0254
1966-10-31,0.0069022168997867,-0.000626022,-0.000604162,-0.0308999999999999,0.0033
1966-11-30,-0.0069050801085559,-0.002157817,-0.000788903,-0.0683,0.0128
1966-12-31,0.0023079474240521,-0.001065934,5.23e-05,-0.0118999999999999,-0.0212
1967-01-31,0.0047051802369053,-0.002941726,-0.000844767,-0.0341999999999999,0.0295999999999999
1967-02-28,-0.0114063426150834,0.001545663,0.0002845,-0.0693,0.002
1967-03-31,-0.0056525513377634,-0.001773741,-0.000750717,-0.0258,-0.0081
1967-04-30,0.0093870104001267,0.002002698,0.000217867,-0.0717,0.022
1967-05-31,-0.0087625073079111,-0.00124089,-0.000735535,-0.0423,-0.0215
1967-06-30,-0.0001242912869074,0.00551876,0.001694702,-0.0672,0.0088999999999999
1967-07-31,-0.0022804499010153,0.000798447,0.000255773,-0.0286,-0.0026999999999999
1967-08-31,0.0189784392937513,0.000533709,4.71e-05,-0.0504999999999999,0.0076999999999999
1967-09-30,-0.0016245616759498,0.000477742,0.000569644,-0.0431,0.0098
1967-10-31,0.0081106665406878,-0.00010076,-0.000263663,-0.0842,0.0119
1967-11-30,0.0142015814158376,0.00310831,0.000830083,-0.0652,-0.0075999999999999
1967-12-31,0.0107104858079218,-0.000693439,0.000206885,-0.0281,-0.0064999999999999
1968-01-31,-0.0010750021708365,-0.000908975,-0.000294919,-0.0169,0.0032999999999999
1968-02-29,0.0035761075098443,-0.000622655,-1.84e-05,-0.0533,0.007
1968-03-31,0.0031169255497354,-0.000612789,0.000141772,-0.071,0.0015
1968-04-30,0.0014454113451778,-0.000763062,0.000231443,-0.029,-0.0179
1968-05-31,0.0111560057313919,-0.001002955,-0.000466763,-0.0495,-0.0010999999999999
1968-06-30,0.0036669245977369,0.002341411,0.000864991,-0.0336,-0.0107999999999999
1968-07-31,-0.001534799651218,0.0014432,-2.23e-06,-0.0263,0.0052
1968-08-31,0.0027873267543978,-0.001440485,-0.000600804,-0.0534,0.0209
1968-09-30,0.0037803774613709,-0.000847844,-5.36e-06,-0.0611,0.0049
1968-10-31,0.0019825382438956,0.001986281,0.000495226,-0.0651,-0.0028
1968-11-30,0.0128523450677615,-0.001361922,-0.000518379,-0.0804,0.0043
1968-12-31,0.0031525419880278,0.001961419,0.001202712,-0.0907999999999999,0.0129999999999999
1969-01-31,0.0060319689831795,-0.002070059,-0.000873439,-0.0802,0.0345
1969-02-28,0.0063782916614942,-0.001204467,-9.25e-05,-0.0572,-0.0202
1969-03-31,0.0078102520598606,0.004435757,0.0010325,-0.0602,-0.021
1969-04-30,-0.0036850360876186,0.000583161,0.000477025,-0.0174999999999999,-0.0092
1969-05-31,-0.0037870820003416,-0.002667706,-0.000677992,-0.1101,0.0263
1969-06-30,0.0097229979252806,0.000738718,0.000538526,-0.039,-0.0179
1969-07-31,0.0052631768039277,0.000170331,0.000399462,-0.0564999999999999,-0.0074
1969-08-31,0.0022953955047775,-0.00296503,-0.000699936,-0.0769,0.0049
1969-09-30,-0.0002249563517473,0.000426619,-4.57e-05,-0.1229,0.0287
1969-10-31,0.0002939669065558,0.000443252,-0.000125006,-0.0344,-0.0237999999999999
1969-11-30,-0.0094707112893455,0.000539507,0.000448343,-0.0943,-0.0228
1969-12-31,-0.0026869929614452,6.27e-05,-5.94e-05,-0.0792,-0.0066
1970-01-31,-0.0186922306393766,9.4e-05,0.000398528,-0.0803,0.0162
1970-02-28,-0.0006592010195278,-0.000332395,-0.000707038,-0.02,-0.0186
1970-03-31,-0.0012985780813208,0.000347087,-0.000187335,-0.0781,0.0023
1970-04-30,-0.0025757465786693,0.000507153,0.000364167,-0.1076,0.0163
1970-05-31,-0.0011657606848047,-0.002471324,-0.000556436,-0.1119,0.0305
1970-06-30,-0.0032394626397396,0.000659047,-0.000522144,-0.0198,-0.0484999999999999
1970-07-31,0.0024518052167183,-0.001412775,-0.000187658,-0.0349,0.0237
1970-08-31,-0.0017844676427829,-0.001231725,-0.000267503,-0.0664,0.0119
1970-09-30,-0.0069156070849656,0.001583483,0.000262888,-0.0413,-0.0089
1970-10-31,-0.0202079506410481,0.001294563,-0.000186192,-0.0721,0.0013
1970-11-30,-0.006075565843965,0.001454988,-0.000388611,0.02,-0.0207
1970-12-31,0.0227069805145898,0.001818091,0.000385922,-0.0612,0.0455999999999999
1971-01-31,0.0076628727455689,-0.001096214,-0.000684447,0.0018999999999999,0.0025999999999999
1971-02-28,-0.0019075498045326,-0.002921178,-0.00107621,-0.0607,-0.0203
1971-03-31,-0.0010847900685981,0.000658162,1.77e-05,0.0156,-0.0268
1971-04-30,0.0056009860816641,0.000634253,0.000455356,-0.0620999999999999,0.0046999999999999
1971-05-31,0.0050620801590315,0.002657151,0.000959019,-0.0392,-0.0155
1971-06-30,0.0041835488101518,0.001673502,0.001129854,-0.0573,0.0266
1971-07-31,-0.0029068330997898,-0.001940765,-0.000264762,-0.0445,-0.0055
1971-08-31,-0.0058205392729453,-0.001682069,-0.001197385,-0.0068999999999999,0.0082999999999999
1971-09-30,0.016122431095463,-0.000490721,0.000107846,-0.0289999999999999,-0.0306
1971-10-31,0.0074575601384405,-0.000604574,-0.000491406,-0.0301999999999999,0.0115
1971-11-30,0.0042340409719039,-0.000119147,-0.000388742,-0.0493,0.0076
1971-12-31,0.0114772943372019,0.000263646,-0.000251841,-0.0378,0.0179
1972-01-31,0.023685131706185,0.000509567,-8.63e-05,-0.0464,0.003
1972-02-29,0.0099966947783967,0.003008355,0.000589914,-0.0249999999999999,0.0018999999999999
1972-03-31,0.0070591308288721,-0.002424183,-0.000173981,-0.0402,0.0106
1972-04-30,0.0098624677813705,0.000162343,7.69e-06,-0.0346,0.0007999999999999
1972-05-31,8.014075635331963e-05,0.000148846,-0.000117303,-0.0101,-0.0107
1972-06-30,0.0025998734110572,0.000260371,0.000333432,-0.0434,-0.0002999999999999
1972-07-31,-0.0009426430322685,-7.88e-05,-0.000121796,-0.0175,-0.0186
1972-08-31,0.0137196246224533,3.73e-05,0.000557948,-0.0369,0.0043
1972-09-30,0.0076279510542636,0.001851738,0.000747385,-0.0485,0.0114
1972-10-31,0.0128064038814006,-0.00128508,-0.000445336,-0.0232,-0.0133
1972-11-30,0.0117209404784017,0.001515917,0.000773903,-0.0248,0.0023
1972-12-31,0.011173043299959,-0.001630413,-0.000144929,-0.0707,0.0225
1973-01-31,0.0072647610520615,0.000853646,4.8e-05,-0.0828,0.0266999999999999
1973-02-28,0.0144470316675677,0.003111981,0.001154897,-0.0527,0.0009
1973-03-31,0.0003674189087323,0.004215214,0.001178585,-0.0478,-0.0037
1973-04-30,-0.0014794593258242,0.000665964,0.00023539,-0.0563,0.0015
1973-05-31,0.0065891429616069,-0.001891869,-0.000146917,-0.0731,0.0066
1973-06-30,0.0012093610012984,0.0004993,0.001263425,-0.0657,-0.0035
1973-07-31,0.0036703403827238,-0.007574594,-0.001373301,-0.1152,-0.0043
1973-08-31,-0.001367026907634,0.011736407,0.002488727,-0.041,-0.0035
1973-09-30,0.0079782156997438,-0.004255423,-0.000845135,-0.0549,0.0037999999999999
1973-10-31,0.0079653371263384,0.000965745,-0.001121121,-0.0614,-0.0281
1973-11-30,0.0045009169390728,-0.000166363,0.001386786,-0.0905,0.0260999999999999
1973-12-31,-0.0027997887400772,0.000566294,-0.000569716,-0.0865,-0.0006999999999999
1974-01-31,-0.0066198587227255,0.003200408,0.000246509,-0.0828,0.003
1974-02-28,-0.0028924035786017,0.002839749,0.000479518,-0.0801,0.0033
1974-03-31,-0.000165218435669,0.002248482,0.00276238,-0.1004,-0.0015
1974-04-30,-0.0030382719577164,-0.004772704,-0.001780864,-0.1049,-0.0087999999999999
1974-05-31,0.0080443697091832,0.001092976,-0.000108902,-0.071,-0.0017999999999999
1974-06-30,-0.0018232905673021,-0.000942708,-0.000353401,-0.0778,-0.033
1974-07-31,0.0018474033009088,-0.002682291,-0.001419227,-0.0819,-0.0182
1974-08-31,-0.010544309010223,0.004730074,0.003097777,-0.0987,-0.0036
1974-09-30,0.0001417676209558,0.003465949,-0.001982596,-0.0649,-0.0073
1974-10-31,-0.0031324273731265,-0.000607973,-0.000258159,-0.0317,0.0395999999999999
1974-11-30,-0.0335313272306416,0.001532305,0.002201537,-0.0451,-0.0177999999999999
1974-12-31,-0.0366211016583131,-0.002688425,-0.002226587,-0.0576,-0.0246
1975-01-31,-0.0139345474378806,-0.000521239,-0.001184923,-0.0489999999999999,0.0371
1975-02-28,-0.0231013728915412,-0.001294149,-0.000607348,-0.0495,0.0005999999999999
1975-03-31,-0.0109371971448148,-0.002611479,-0.000112521,-0.0817,0.002
1975-04-30,0.0018511607514177,-0.002513306,-0.000185747,-0.0731,0.013
1975-05-31,-0.0028468578215714,-0.004223267,-0.001681003,-0.0349,-0.0106
1975-06-30,0.0063076422063006,0.003077447,0.001352238,-0.0231,0.0011999999999999
1975-07-31,0.0102396729569651,0.003522876,0.00077703,-0.0621,0.0056999999999999
1975-08-31,0.0098409522363449,-0.002859685,0.000117429,-0.0681,-0.0107
1975-09-30,0.0128905906167999,0.000678999,-0.000247719,-0.0742,-0.0028
1975-10-31,0.0042673890959297,-0.00094679,-0.001276306,-0.0166999999999999,0.0078
1975-11-30,0.0013865193765632,0.00210961,0.001315579,-0.0705,0.0020999999999999
1975-12-31,0.013418170466434,-0.001055236,-0.000823359,-0.0158,0.0052
1976-01-31,0.013256814833662,-0.002051502,-0.001413323,-0.0453999999999999,0.0098
1976-02-29,0.0099462013853073,-0.002438337,0.00034288,-0.0425,-9.99999999999994e-05
1976-03-31,0.0021362777679581,-0.002784417,-0.000529878,-0.0322,9.99999999999994e-05
1976-04-30,0.0049738436650432,-0.002257728,-0.000825062,-0.0482,-0.0033
1976-05-31,0.0042469508919382,0.002116558,0.00078312,-0.0644,0.0055
1976-06-30,0.0010760141102372,0.001305144,0.000225155,-0.0312,-0.0058
1976-07-31,0.0055349940222608,0.001051994,0.000580008,-0.0463,0.0071
1976-08-31,0.0068759366804624,0.000444285,-0.000730777,-0.0312,0.0019999999999999
1976-09-30,0.0033137869130706,0.00114765,0.000414224,-0.0369,0.0021999999999999
1976-10-31,-0.0003163012964439,0.000706299,0.000496336,-0.0424,-0.0013999999999999
1976-11-30,0.0152210007886828,-0.001536575,-0.001210116,-0.0153,-0.002
1976-12-31,0.0107235921274657,0.001375488,0.000311757,-0.0148,0.002
1977-01-31,-0.0068640140507625,0.001037342,0.000126759,-0.0823,0.0085
1977-02-28,0.0156508449334515,0.005956326,0.00158275,-0.0511,0.0029
1977-03-31,0.0126081993388962,-0.000749736,0.000170399,-0.0375999999999999,0.0002999999999999
1977-04-30,0.0097233073751388,0.000722586,-0.000107052,-0.0389,0.0029
1977-05-31,0.0076842261156979,-0.00253156,-0.000708796,-0.0329,-0.0019
1977-06-30,0.007615193791556,-0.000179542,0.000108863,-0.0331999999999999,0.0011
1977-07-31,0.0012889394940192,-0.000312994,0.001042265,-0.0572,0.0065
1977-08-31,0.0010270417000461,-0.001379605,-0.000977301,-0.0321,-0.0062
1977-09-30,0.0039752973297364,-0.002056404,0.00014859,-0.0578,0.0006999999999999
1977-10-31,0.0015977142206073,-0.000590944,-0.000123382,-0.0674,0.0055
1977-11-30,0.001806008726529,0.001122926,-1.83e-05,-0.0523,-0.0031999999999999
1977-12-31,0.0017676787923917,-0.000504288,0.000553837,-0.0778,0.0062999999999999
1978-01-31,-0.0147048788915249,0.000514856,-0.000327125,-0.0687,-0.0008999999999999
1978-02-28,0.0055685906653613,-0.000784763,-0.00010637,-0.064,0.0047
1978-03-31,0.018950171606836,0.000877464,0.000881299,-0.0666,0.0063
1978-04-30,0.0197021111120379,0.00152253,-6.56e-05,-0.0634,-0.0018
1978-05-31,0.0048041659146553,0.003078523,0.000726476,-0.0687,-0.005
1978-06-30,0.0064068388957982,0.00072823,0.0003752,-0.0703,0.0085
1978-07-31,-0.0007173359797936,0.000293857,1.59e-05,-0.053,-0.0042
1978-08-31,0.0040890466917669,-0.001296576,0.000118114,-0.0482999999999999,0.0039
1978-09-30,0.0023524666877294,0.001560517,0.001871795,-0.0814,0.0058
1978-10-31,0.0077008502227049,-0.000392687,-0.000552411,-0.0985,-0.0005
1978-11-30,0.0076575166022863,-0.002878819,-0.000315815,-0.061,-0.0055
1978-12-31,0.0049742057705817,-0.002598121,-7.46e-05,-0.0994,-0.0002999999999999
1979-01-31,-0.0054068202528423,0.000365711,-0.000485204,-0.0717,-0.0006999999999999
1979-02-28,0.0050999139909935,0.002220322,0.002088134,-0.107,0.0006999999999999
1979-03-31,0.0029878445957609,2.99e-05,-0.000440694,-0.0803,-0.0023
1979-04-30,-0.0120131101083558,0.000370259,-0.000254195,-0.106,0.006
1979-05-31,0.0088862581025037,0.001927684,0.000116229,-0.0685,-0.0033
1979-06-30,7.529807906569985e-05,0.001685906,0.000917605,-0.065,-0.0041999999999999
1979-07-31,-0.0016172588385163,0.00064552,-0.000769144,-0.0991,0.0054
1979-08-31,-0.0065147821334692,-6.14e-05,0.000204072,-0.0959,0.0041
1979-09-30,-4.8661468982746925e-05,-0.00035566,0.001801802,-0.1074,-0.0056999999999999
1979-10-31,0.0068418680313535,-0.000915315,4.57e-05,-0.1866999999999999,-0.0049
1979-11-30,-0.0016368547415379,-0.00107417,8.44e-05,-0.0859,-0.0088999999999999
1979-12-31,0.0006600947795059,3.18e-05,-0.002242259,-0.1122,-0.0165
1980-01-31,0.0053690730613746,0.004704489,0.003721103,-0.1945,0.0095999999999999
1980-02-29,0.0004502926978573,-0.000480538,0.001240105,-0.1667,-0.0198
1980-03-31,-0.0042686001206226,-0.000631667,0.000707585,-0.1601,0.0253
1980-04-30,-0.0198965716004155,-0.005229284,-0.00615013,0.0002999999999999,-0.0146999999999999
1980-05-31,-0.0248828275584975,0.000823053,-0.001396769,-0.0901,0.0141
1980-06-30,-0.0130060151128503,0.002123936,-0.000568244,-0.0499,-0.0018
1980-07-31,-0.007207001493648,-0.005840725,-0.000611742,-0.1183,0.0047
1980-08-31,0.0032051870317681,0.000797298,0.002893519,-0.1238,-0.0012999999999999
1980-09-30,0.016557131945794,-0.000955622,-6.27e-06,-0.1175,0.0025
1980-10-31,0.0125952827368172,0.000162365,1.07e-05,-0.129,0.0104
1980-11-30,0.0165585248637363,0.001231363,0.005518791,-0.1062,-0.0083
1980-12-31,0.0065228152266074,-0.005554717,-0.005432308,-0.1021,-0.0104
1981-01-31,-0.0062440460496056,-0.000208146,0.000673519,-0.1664,-0.0014999999999999
1981-02-28,-0.0041719794772854,-0.000965837,0.002249469,-0.1936999999999999,0.0165999999999999
1981-03-31,0.0050921512160324,-0.005552746,-0.003640871,-0.1095,-0.0072999999999999
1981-04-30,-0.0042094899351372,-0.003079442,-0.000801312,-0.1854,-0.0250999999999999
1981-05-31,0.0056694314636587,-0.001194172,0.004238826,-0.0746999999999999,-0.0027
1981-06-30,0.0052498992673211,-0.003265351,-0.003975545,-0.1809,0.0202
1981-07-31,0.006390306804112,0.002820233,0.00150619,-0.1825999999999999,-0.0018999999999999
1981-08-31,-0.0011561982318215,-0.00205392,-0.000473859,-0.1881,0.0040999999999999
1981-09-30,-0.0048991138959624,0.000512835,-0.001003573,-0.1696,-0.0054
1981-10-31,-0.0077137888989216,-0.004980485,-0.001767948,-0.0640999999999999,-0.0308
1981-11-30,-0.0117390056273039,-0.002156187,-0.002778541,0.0055999999999999,-0.0142999999999999
1981-12-31,-0.010886348984576,-0.000457966,-0.001541889,-0.1799,0.0133
1982-01-31,-0.0206910926662509,0.001073759,0.002099835,-0.1038999999999999,-0.0175
1982-02-28,0.020211232238199,-0.001036176,0.001662869,-0.1046,0.0129999999999999
1982-03-31,-0.0067544678538711,-0.005871972,-0.001097673,-0.1117,0.0075
1982-04-30,-0.0091768174389148,-0.001611408,-0.002063713,-0.0895,-0.0035
1982-05-31,-0.006731826219998,0.006718505,0.002599796,-0.1236,0.0211
1982-06-30,-0.0025814746834496,0.006094615,0.000843422,-0.1432,-0.0245
1982-07-31,-0.0034454762222968,-0.001012404,-0.002100859,-0.0746,0.0039
1982-08-31,-0.0090600752195433,-0.002003763,-0.003676735,-0.0354,0.0055999999999999
1982-09-30,-0.0025831309070922,-0.00037621,0.000265244,-0.025,0.0005
1982-10-31,-0.0096690160104997,0.003444354,0.002481615,-0.0158,0.0124999999999999
1982-11-30,-0.0031888240647193,-0.004142956,-0.001839191,-0.0773,0.0203
1982-12-31,-0.0071226568332178,-0.004349797,-0.000398066,-0.0494999999999999,-0.0203999999999999
1983-01-31,0.0183754726506957,0.001159179,-0.000429219,-0.1103,0.0215
1983-02-28,-0.0061825395270145,0.000564337,0.00025685,-0.0294,-0.0064
1983-03-31,0.0083268761119166,0.000306446,0.000651652,-0.0905,0.0166
1983-04-30,0.0124504867309438,0.005745145,0.001931912,-0.0485,0.0197999999999999
1983-05-31,0.0062363056815635,0.000743404,-0.000766435,-0.1207,0.0062
1983-06-30,0.0060406834552053,-0.000516472,0.000133135,-0.078,-0.0085
1983-07-31,0.0147270257842309,0.001352364,0.001716628,-0.1365,0.0030999999999999
1983-08-31,0.0118903048378538,-0.001378831,-0.00104913,-0.0888,0.0031
1983-09-30,0.0142959958441912,-0.000338683,-0.000257433,-0.0428999999999999,-0.0113
1983-10-31,0.0078228578438439,0.000902377,-4.22e-05,-0.1032,0.0107
1983-11-30,0.0044116735620227,-5.98e-05,-0.000181585,-0.0681,-0.0040999999999999
1983-12-31,0.0050445748712903,0.000112954,0.001060737,-0.0935,0.0026
1984-01-31,0.019597583953463,0.002968886,-0.00010484,-0.0655999999999999,0.0025999999999999
1984-02-29,0.0046592847357422,0.0010793,0.000183064,-0.1067999999999999,0.0005999999999999
1984-03-31,0.0046713127510562,-0.001069262,0.00060453,-0.1065,-0.0079
1984-04-30,0.0059135830352623,-0.000713769,-0.000398624,-0.1057,0.0032
1984-05-31,0.0053449660051319,-0.002260642,-0.000873708,-0.1485,0.0032999999999999
1984-06-30,0.0035579382330803,-0.001390667,0.000904245,-0.0833,0.0049
1984-07-31,0.0027781447334072,-0.000375555,-0.000883611,-0.0293999999999999,-0.0107
1984-08-31,0.001203731713208,-0.000464104,0.00021875,-0.0746,0.0041
1984-09-30,-0.0028005435745384,-0.000691111,0.001311401,-0.0705,-0.0028
1984-10-31,-0.0004543351839343,-0.001058795,-0.002675148,-0.0476,0.0011
1984-11-30,0.0033355650319473,-0.000295666,-0.000484892,-0.0856,0.0094
1984-12-31,0.0004839809728629,0.000185619,-0.000416147,-0.077,0.0037
1985-01-31,-0.0004876483895159,0.000598172,-0.000316646,-0.0442,-0.0039
1985-02-28,0.0030704159476337,0.00468127,0.001156953,-0.1269,0.0119999999999999
1985-03-31,0.001315359383188,0.002556566,0.00196371,-0.0519999999999999,-0.0128
1985-04-30,-0.0019682005913272,-0.002228878,-0.002005663,-0.061,0.0054
1985-05-31,0.0014806233020383,-0.000226708,-0.000574598,0.0100999999999999,-0.0075999999999999
1985-06-30,-0.0004768503848975,0.001275074,0.000924486,-0.0606,-0.0059
1985-07-31,-0.0051850990854385,-0.000585274,-0.000542125,-0.0875,0.0058999999999999
1985-08-31,0.0033175311999977,-4.66e-05,0.000238349,-0.0449,9.99999999999994e-05
1985-09-30,0.003673283308653,-0.000288382,-0.000100277,-0.0735,0.0092
1985-10-31,-0.003464586509561,0.00165349,0.000493415,-0.0372,-0.0008999999999999
1985-11-30,0.0034208059087381,0.002064336,0.000432538,-0.0315,-0.0030999999999999
1985-12-31,0.0098387755759681,0.001610756,-0.000925063,-0.0183,-0.0072
1986-01-31,0.0052517580735411,0.001605464,0.000778763,-0.0735,0.0069999999999999
1986-02-28,-0.0068715780781545,-0.004641106,-0.000370676,0.0438,-0.0393
1986-03-31,-0.0070302633208747,-0.00793341,-0.002389883,0.0064,-0.0514
1986-04-30,0.0011436023258877,-0.003732151,-0.001243077,-0.0736,0.0096
1986-05-31,0.0019618348624144,0.003940114,0.00117757,-0.1111,0.0341
1986-06-30,-0.0039402911100223,0.003669463,0.000570542,-0.0001999999999999,-0.0395
1986-07-31,0.00608317953004,0.000349572,-0.000327783,-0.0729,0.0139
1986-08-31,-0.0016761787058916,0.000676522,0.000310731,-0.0083999999999999,-0.0224
1986-09-30,0.0027649143856507,0.003095956,0.000104343,-0.1053,0.0386
1986-10-31,0.0042061126436641,0.001165153,-3.49e-05,-0.0232,-0.0099999999999999
1986-11-30,0.0039748176262213,0.001196753,0.001100115,-0.0250999999999999,-0.0034
1986-12-31,0.0094122631562374,0.001900042,-0.000202901,-0.0553,0.0135
1987-01-31,-0.0037571381615091,0.003886856,0.001011758,-0.0392,0.0055
1987-02-28,0.0131732802148647,0.001058778,0.000929513,-0.0341,-0.0144
1987-03-31,0.0014035732659705,0.000116464,-0.000709485,-0.0781999999999999,0.0136
1987-04-30,0.00652350301368,0.001700945,-0.00015606,-0.1032,-0.0029
1987-05-31,0.0061771843514257,6.9e-05,0.001277982,-0.0669,0.0053
1987-06-30,0.0053808245407562,0.000547612,-0.00085986,-0.0467999999999999,0.0057
1987-07-31,0.006714324718847,-0.000367861,0.000596095,-0.0745,0.0058999999999999
1987-08-31,0.007504802666487,0.000780407,0.000240772,-0.0733999999999999,0.009
1987-09-30,0.0038230493849766,-0.000350961,0.001133844,-0.0973,-0.0052999999999999
1987-10-31,0.013397377976708,-0.002366154,-0.00320711,-0.0017,-0.0116
1987-11-30,0.004910189005856,0.001701078,-9.03e-06,-0.0576,0.0088
1987-12-31,0.0055079342608896,-3.05e-05,-0.000241084,-0.0404,0.0046999999999999
1988-01-31,-0.0002486485961679,0.001933201,0.002222453,0.0089,-0.0149
1988-02-29,0.0049992042234494,-0.002020834,-0.000618521,-0.0529,0.0086
1988-03-31,0.0022771471365716,-0.000546538,4.55e-05,-0.0873,0.0119
1988-04-30,0.0058306523826647,0.002820171,0.001091176,-0.073,0.0011
1988-05-31,-0.0019523450713521,-0.001705152,-0.000605505,-0.0693,0.0045
1988-06-30,0.002856796324945,0.000590187,0.000350583,-0.0258,0.0011
1988-07-31,8.500579515757778e-05,0.000221649,0.000937844,-0.0816,0.0059
1988-08-31,0.0050578943633148,-0.000733999,1.69e-05,-0.0615,-0.0003999999999999
1988-09-30,-0.0032695446147279,-0.000768542,-0.000249772,-0.0360999999999999,-0.0019
1988-10-31,0.004478862359142,-0.001369957,-0.000644161,-0.0416,-0.0034999999999999
1988-11-30,0.0024871780444888,-0.000736926,0.00039224,-0.0930999999999999,0.0027
1988-12-31,0.004615600489398,-0.001140221,-0.000801208,-0.0666,-0.0070999999999999
1989-01-31,0.0029087485840442,0.000475427,0.00044113,-0.0603999999999999,-9.99999999999994e-05
1989-02-28,-0.0043759936955689,-0.000804753,-8.38e-05,-0.1006,0.0049999999999999
1989-03-31,0.0024490479834504,0.000906232,0.000789679,-0.0731,-0.0058
1989-04-30,-0.0002707459066222,0.002532462,0.001749364,-0.0723,0.0053999999999999
1989-05-31,-0.0056183736881854,-0.001692643,-0.001242731,-0.0464,-0.0021999999999999
1989-06-30,-5.349054150727284e-05,-0.002083746,-0.000577474,-0.0293,-0.0155
1989-07-31,-0.0096702990672925,-0.001516661,-0.000700699,-0.0577,-0.006
1989-08-31,0.0097254104896356,-0.004033985,-0.001200022,-0.1046999999999999,0.0096
1989-09-30,-0.0034259175503255,-0.000427223,0.000329929,-0.0771,0.0021
1989-10-31,-0.0011945216173847,0.001632279,-0.000126289,-0.0395999999999999,-0.0103
1989-11-30,0.003360222039249,0.000941709,-0.000198452,-0.0686,-0.0007999999999999
1989-12-31,0.0056044496662606,0.000332937,-2.35e-05,-0.0775,0.0012
1990-01-31,-0.0051696007369574,0.006640657,0.00143053,-0.1106,0.0151999999999999
1990-02-28,0.009152716839976,-0.000332309,0.000479981,-0.0789,0.0013
1990-03-31,0.0047467327109576,-4.96e-05,0.000429674,-0.0818,0.0033
1990-04-30,-0.0023561174221997,-0.002825765,-0.001060048,-0.0992,0.0011
1990-05-31,0.0030054359005315,-0.002545427,-0.001078871,-0.0362,-0.003
1990-06-30,0.0032992452204387,0.003160682,0.001498699,-0.0544,-0.0013999999999999
1990-07-31,-0.0016650216998046,9.27e-05,-0.000537764,-0.0665999999999999,-0.0004999999999999
1990-08-31,0.0036072304736576,0.004415914,0.000801099,-0.1181,0.0127
1990-09-30,0.0003164453828157,0.002036649,0.001018397,-0.0628,-0.0026
1990-10-31,-0.0062200165448533,0.000972114,-0.000700709,-0.0521,-0.0082999999999999
1990-11-30,-0.0125394956109357,-0.002850315,-0.000302493,-0.0315,-0.0116999999999999
1990-12-31,-0.0070427291366472,-0.001061432,-0.001595733,-0.0518999999999999,-0.002
1991-01-31,-0.0032813972101166,0.000520419,0.000237109,-0.0544,0.002
1991-02-28,-0.0072430217432009,-0.002693434,-0.000981698,-0.0591999999999999,0.0091
1991-03-31,-0.0057093833862822,-0.002453851,0.00039144,-0.0556,0.007
1991-04-30,0.0026313908969193,-0.000622244,-0.001020324,-0.0451,-0.0002
1991-05-31,0.0098953436722251,0.001869165,0.00011625,-0.0565,0.0039
1991-06-30,0.0080569179403608,0.001004294,0.000883429,-0.0609,0.0045
1991-07-31,0.0026264553672223,-0.001355137,-0.000538874,-0.04,0.001
1991-08-31,0.0002105962311063,0.000646783,8.31e-05,-0.0218,-0.0065
1991-09-30,0.0082334731919182,0.000555073,-0.000197205,-0.023,-0.0032
1991-10-31,-0.0010270926708741,-0.000712911,-0.000497434,-0.0468,-0.0011
1991-11-30,-0.0013549963129086,0.002689376,0.000465167,-0.0417,0.0023999999999999
1991-12-31,-0.0046405068865142,0.000759119,-0.000572949,0.0124999999999999,-0.0144999999999999
1992-01-31,-0.005206799078226,-0.000843157,-0.000426321,-0.0731,0.0150999999999999
1992-02-29,0.0071317928236647,0.001026685,0.000767395,-0.0329,0.0044999999999999
1992-03-31,0.0083471234107701,0.001693454,0.000294279,-0.0477999999999999,0.0021
1992-04-30,0.0076918425305132,-4.74e-05,-0.000563837,-0.0388,0.0
1992-05-31,0.0032474797928925,0.000511768,0.00054819,-0.0132,0.0011
1992-06-30,0.0005969464073487,0.000672997,-0.00016805,-0.0163,-0.0044
1992-07-31,0.008938367534931,0.000832895,-0.000110586,0.0032,-0.009
1992-08-31,-0.0054919218522293,0.000225401,9.68e-06,-0.0253999999999999,0.0022999999999999
1992-09-30,0.0031657458375606,0.000211185,-0.000248477,-0.0128,-0.0085999999999999
1992-10-31,0.0068249274288341,0.002574534,0.000622696,-0.0489,0.0042
1992-11-30,0.0038191367793878,0.000527439,3.27e-05,-0.0276,0.0059
1992-12-31,0.0014552241374046,-0.000917645,-0.000146842,-0.0067,-0.0017999999999999
1993-01-31,0.004012644888407,0.001330272,0.000160728,-0.0041999999999999,-0.0029999999999999
1993-02-28,0.0046837480823196,-0.000239364,0.000267595,0.0054,-0.0098
1993-03-31,-0.0008782675582459,-0.001208948,-0.000442451,-0.0272,0.0004
1993-04-30,0.0029107307300471,0.001319965,8.04e-05,-0.0223,-0.002
1993-05-31,-0.0038607440646698,0.000534192,0.000698164,-0.024,-0.0027
1993-06-30,0.0022332567114924,-0.00224851,-0.000861018,0.0153,-0.0156
1993-07-31,0.0025293094173717,-0.000695692,-3.46e-05,-0.0116,-0.0090999999999999
1993-08-31,-0.001081669194618,2.79e-05,-0.000176138,0.013,-0.0147
1993-09-30,0.0051948328076028,-0.000489718,-0.000262931,-0.0297,0.0038
1993-10-31,0.0073443248820987,0.002522344,0.00081812,-0.0199,-0.0044999999999999
1993-11-30,0.0046604314174469,0.000318316,-0.000151716,-0.0561,0.0070999999999999
1993-12-31,0.0057602309671027,-0.000220768,0.00018272,-0.0289999999999999,0.0047
1994-01-31,0.0031800249400024,-0.002456174,-0.000936076,-0.0048999999999999,-0.0055
1994-02-28,0.0005180455127495,0.001210279,0.000609115,-0.0748,0.0163999999999999
1994-03-31,0.0100738062427323,0.00059373,0.000365369,-0.072,0.0011999999999999
1994-04-30,0.0058200389903957,-0.001815003,2.81e-05,-0.05,0.0052999999999999
1994-05-31,0.0046886614615617,-0.000486743,-0.000148271,-0.045,0.002
1994-06-30,0.0066716263034445,0.000333753,-0.000301292,-0.0514,0.0019
1994-07-31,0.0012038907354785,0.001301812,0.001216416,-0.0051,-0.0053999999999999
1994-08-31,0.0066714909231953,0.00074541,0.00012901,-0.0519,0.0055
1994-09-30,0.0029769764642866,-0.001407177,-0.000139416,-0.0779,0.0065999999999999
1994-10-31,0.0081409239263381,-0.002609591,-0.000736102,-0.0487,-0.0025
1994-11-30,0.0066621473326682,0.000130742,0.000759682,-0.0429,-0.0048
1994-12-31,0.0099536060306189,-0.001302071,-0.000571105,-0.0368,-0.0004
1995-01-31,0.0018944306752306,-7.03e-05,-0.000196905,-0.0287,-0.0017
1995-02-28,-0.0012044929881565,0.000119553,0.0001692,-0.0283999999999999,0.0001999999999999
1995-03-31,0.0013854626916565,-0.000717831,0.000148475,-0.0486,0.0003999999999999
1995-04-30,-0.0017802567540794,0.001107998,0.001142429,-0.0404,0.0006
1995-05-31,0.0047958024638328,-0.002020499,-0.001097446,0.0225,-0.0158999999999999
1995-06-30,0.0033313026366519,-0.000926943,-0.000405904,-0.0428,-0.0059999999999999
1995-07-31,-0.0041497689604819,-0.001180007,-0.000155032,-0.0715,0.0066999999999999
1995-08-31,0.0129894981913389,-0.000372456,-0.000418924,-0.0306,-0.0022
1995-09-30,0.0038623849295653,-0.000610337,0.000261316,-0.0365,-0.0022
1995-10-31,-0.0016156705619048,0.000430421,-0.000518852,-0.0234,-0.0109
1995-11-30,0.0024094638830325,-0.000357908,0.000686303,-0.0279,-0.0006999999999999
1995-12-31,0.0034238287213463,-0.001045904,-0.000844289,-0.0264,-0.0043999999999999
1996-01-31,-0.005229693315333,0.003682711,0.000438481,-0.0525,0.0025
1996-02-29,0.0143930869270594,-3.13e-06,2.6e-05,-0.0983,0.011
1996-03-31,-0.0016132203274255,0.001254138,0.000905842,-0.0693,0.008
1996-04-30,0.0100984303223636,0.000978777,-0.000388231,-0.0660999999999999,0.0005
1996-05-31,0.007353087746976,-0.000564088,-0.000115426,-0.0549,0.0059
1996-06-30,0.0075024121411475,-0.000452341,0.000388359,-0.0299,-0.0030999999999999
1996-07-31,-3.316676981857114e-05,-0.000844365,-0.000570589,-0.0491,-0.0007999999999999
1996-08-31,0.0050472475047778,-0.000913357,4.21e-05,-0.0654,0.0068999999999999
1996-09-30,0.0062321239270071,0.000947074,7.27e-05,-0.0215,-0.0031
1996-10-31,-0.000145621802071,0.000864283,-0.000121625,-0.0105,-0.0042999999999999
1996-11-30,0.0088144390890123,0.000975919,0.000671135,-0.0148,-0.0087999999999999
1996-12-31,0.006210024416875,-0.000333481,-0.000472279,-0.0759,0.007
1997-01-31,0.0018168100556197,-0.000494679,-0.000344032,-0.0569999999999999,0.0051
1997-02-28,0.0116816686255001,-0.000154189,0.000479486,-0.0498,0.0023
1997-03-31,0.0063806529997627,-0.001887986,-0.000424056,-0.0753,0.0030999999999999
1997-04-30,0.0008333386585261,-0.001464322,-0.000383091,-0.0259,-0.0070999999999999
1997-05-31,0.0056642212619335,-0.001706817,-0.000905874,-0.0419,0.0031
1997-06-30,0.004567786453193,0.001073472,0.000779772,-0.031,-0.0007999999999999
1997-07-31,0.0084250533286871,-0.000333054,-0.000318185,0.0133,-0.0098
1997-08-31,0.0099675540971668,0.001228131,0.000782074,-0.0822,0.0076999999999999
1997-09-30,0.0092062941064039,0.000439869,-0.000575756,-0.0197999999999999,-0.009
1997-10-31,0.0088311698027503,0.000390465,-5.97e-05,-0.0154,-0.015
1997-11-30,0.0080194030413238,-0.00017151,0.000809645,-0.0349,-0.0047
1997-12-31,0.0041922212978651,-0.001600541,-0.000788303,-0.033,-0.0021
1998-01-31,0.004560938002732,-0.000195145,-0.000408597,-0.0316,-0.0063
1998-02-28,0.0016525161889262,-0.001021878,0.00040304,-0.0576,0.0065
1998-03-31,0.0004364160822172,-0.001424918,-0.000501351,-0.0484,0.0013
1998-04-30,0.0033698740343259,0.00031024,-0.000442507,-0.0477,0.0027
1998-05-31,0.0065673558374399,0.001981996,0.000647275,-0.0313,-0.0015
1998-06-30,-0.0059223743848759,0.000100922,-0.000133932,-0.0272,-0.0113
1998-07-31,-0.0039769152617097,0.001459586,0.000454409,-0.0538,-0.0015999999999999
1998-08-31,0.0204173744513944,-0.000224072,-0.000195013,-0.0030999999999999,-0.0376
1998-09-30,-0.0010471929273654,-0.000641991,-0.000672704,-0.0095,0.0018
1998-10-31,0.006978367886739,0.001862401,0.00028475,-0.0679,0.0028
1998-11-30,-0.0009855114452053,0.000353668,0.000616125,-0.0299,0.0173
1998-12-31,0.0040306401260519,0.000344515,-0.000216905,-0.0473,0.0042
1999-01-31,0.0042151037343529,0.00055809,-6.54e-06,-0.0318,0.0002
1999-02-28,0.0057032190954684,-0.001258529,0.000416553,-0.0954,0.0119
1999-03-31,0.0022055621650158,-0.001068101,-0.000537212,-0.0452,0.001
1999-04-30,0.0022154618697518,0.005514711,0.000893804,-0.0423,-0.0045
1999-05-31,0.0061107602184371,-0.001429081,0.000309725,-0.0613999999999999,0.0008999999999999
1999-06-30,-0.000672491946414,-0.002341398,-0.000967619,-0.0528,-0.0082
1999-07-31,0.0059385958740767,0.002834223,0.000838293,-0.0533999999999999,-0.0035999999999999
1999-08-31,0.0043451775225458,0.000184575,-0.000138379,-0.0508,0.0027
1999-09-30,-0.0042038106618438,0.002106666,0.000334926,-0.0388,0.0008999999999999
1999-10-31,0.0127980576399906,-0.000622372,8.36e-05,-0.048,0.0059
1999-11-30,0.0052903425452122,-0.000709204,-0.000212612,-0.0547,0.0037
1999-12-31,0.0080052793498284,9.28e-05,0.000591272,-0.0662,0.0052999999999999
2000-01-31,-0.0007380368664584,8.68e-05,-3.71e-05,-0.0291999999999999,-0.0249
2000-02-29,0.0033915586493105,0.00129229,0.000360304,-0.0267999999999999,-0.0172
2000-03-31,0.0038905771240695,0.002670958,0.000802082,-0.0187999999999999,-0.0198
2000-04-30,0.0063915064174695,-0.00458121,-0.000837392,-0.0645,-0.0039
2000-05-31,0.0027346001933024,-0.001404978,-0.001357929,-0.062,-0.0107
2000-06-30,0.0007529100327055,0.004023206,0.001912,-0.0335,0.0081999999999999
2000-07-31,-0.0017411577176043,-0.000813529,4.12e-05,-0.0395999999999999,0.0005999999999999
2000-08-31,-0.0026811489128508,-0.003754172,-0.000749962,-0.0356,-0.0105
2000-09-30,0.0039674016337656,0.002193606,0.000602209,-0.0766,0.0203
2000-10-31,-0.0034858615600041,-0.0018798,-0.000676241,-0.0412999999999999,-0.0142
2000-11-30,0.0002158619700614,-0.001206536,-0.000332916,-0.0292,-0.0055999999999999
2000-12-31,-0.0034149963164491,-0.000303684,0.00025833,-0.0374,0.0027
2001-01-31,-0.0049458350607869,0.002855445,-0.000965001,-0.0572,0.0354
2001-02-28,-0.0065377906850958,0.000384722,0.000744013,-0.0324,-0.0063999999999999
2001-03-31,-0.0026203220909515,-0.002066584,-0.000922668,-0.0562,0.0045
2001-04-30,-0.0035570135516822,-9.81e-06,-0.000691491,-0.0755,0.0185
2001-05-31,-0.0052114358197075,0.004068624,0.000489073,-0.0349999999999999,0.0095
2001-06-30,-0.0054436897242773,0.000744004,0.000377698,-0.0277,-0.003
2001-07-31,-0.0060527454742462,-0.003576882,-0.00080464,0.0027,-0.0015
2001-08-31,-0.0010473283434331,-0.001082577,-0.000514423,-0.0144999999999999,-0.005
2001-09-30,-0.0052272187998827,0.003369966,0.000163116,-0.0255,-0.0233
2001-10-31,-0.0031096740588392,-0.00354263,-0.001199043,0.0199999999999999,-0.0026999999999999
2001-11-30,-0.0058455944525226,-9.54e-05,-0.000294486,-0.0687,0.0283
2001-12-31,-0.0004894378278335,0.000198719,-5.82e-05,-0.037,0.0093
2002-01-31,0.0071707258273754,0.002510165,0.000443419,-0.0030999999999999,0.0037
2002-02-28,-4.521495755582805e-06,0.002063896,0.00050544,-0.005,0.0014999999999999
2002-03-31,0.0073957662141062,0.002676692,0.000790353,-0.0608,0.0141
2002-04-30,0.0048176680971412,0.003553067,0.000675726,0.0231,-0.0157
2002-05-31,0.004243205881556,-0.000479612,-0.00024469,-0.0156,0.0098
2002-06-30,0.0082265709293594,-0.000792801,1.08e-05,0.0014,-0.0114
2002-07-31,-0.000346344415405,0.000864099,7.83e-05,0.0133,-0.0209
2002-08-31,-0.0010817195979528,0.001334996,0.000299776,0.0295999999999999,-0.0011999999999999
2002-09-30,0.0010000795598674,-7.8e-05,-0.000105624,0.0255,-0.0087
2002-10-31,-0.0025850341004121,0.000576863,-4.84e-05,-0.0457,0.0053999999999999
2002-11-30,0.0054538790451434,6.95e-05,-7.99e-05,-0.028,0.0252
2002-12-31,-0.0056209208186963,0.000146707,-0.000120777,0.0384,-0.0146
2003-01-31,0.0082248314498087,0.003006743,0.000595556,-0.0225,0.0127
2003-02-28,0.0012577742127941,0.003481911,0.000912945,0.0211999999999999,-0.0064999999999999
2003-03-31,-0.002680844661044,-0.001259891,-0.00036875,-0.0252,0.0055
2003-04-30,-0.0063692797748453,-0.006337474,-0.001449917,-0.0010999999999999,0.0127
2003-05-31,-0.0002300434548958,-0.002712774,-0.000528988,0.0479,-0.0121
2003-06-30,0.0012656893256579,0.000548007,-0.000196772,-0.0260999999999999,0.0011
2003-07-31,0.0051545085955613,0.002923423,0.000655076,-0.1074,0.0100999999999999
2003-08-31,-0.0022423285592312,0.003342278,0.000908975,0.0076,0.0052999999999999
2003-09-30,0.0065554855288807,0.001334587,0.000122685,0.0451,-0.0043
2003-10-31,0.0012860655063153,-0.003115935,-0.000674406,-0.0377,0.008
2003-11-30,0.0068181958547643,-0.000819762,-8.41e-05,-0.0119,0.0079
2003-12-31,0.0004959340563628,0.001422741,0.000172237,0.0046,0.0
2004-01-31,0.0016780564503777,0.002854843,0.000551866,0.0097,0.0
2004-02-29,0.0060503072301028,0.000144354,0.000244701,0.0141999999999999,-0.0052
2004-03-31,-0.0038269961787289,-0.000104937,-8.06e-05,0.0048,-0.0023
2004-04-30,0.0040670432420233,-0.000562393,-0.00032505,-0.0682,0.0053999999999999
2004-05-31,0.0072303141786083,0.002420378,0.000742505,-0.0145,-0.002
2004-06-30,-0.0077416945560839,0.001130563,0.000344434,0.0018999999999999,-0.0028
2004-07-31,0.0073922140440814,-0.001868218,-0.000225672,0.0028,0.0029
2004-08-31,0.0008729383797225,-0.002172066,-0.000421063,0.0262,0.0
2004-09-30,0.0011634449097712,0.000886545,0.000132313,-0.0052,0.0005
2004-10-31,0.0087654410830273,0.002842876,0.001034212,-0.0011,0.001
2004-11-30,0.0024597738195275,0.001259682,0.000402072,-0.041,0.0034
2004-12-31,0.0078028120630202,-0.003848281,-0.000872834,0.0043,0.0006999999999999
2005-01-31,0.0035575198012853,-0.003497231,-0.000803974,0.0081,-0.0023
2005-02-28,0.0070514055349981,0.0019952,0.000916204,-0.0361,0.0016
2005-03-31,-0.0012901643095988,0.000543975,6.13e-05,-0.0326,-0.0053
2005-04-30,0.0019775719403885,-4.66e-05,0.000304342,0.0098999999999999,-0.0046
2005-05-31,0.0010612407167753,-0.003969748,-0.001020775,0.0019,-0.0002
2005-06-30,0.0043140287063776,-0.001916182,-0.00031331,-0.0117,-0.0026
2005-07-31,-0.0032012465279018,0.004056768,0.001428443,-0.0584999999999999,0.0043999999999999
2005-08-31,0.0033196146332912,0.002590415,0.000494218,0.0011,-0.01
2005-09-30,-0.0196167867615395,0.009632632,0.002008126,-0.0682,0.0027999999999999
2005-10-31,0.0121580205590907,-0.004542138,-0.000698726,-0.0538,-0.0008
2005-11-30,0.0108986947134859,-0.010386586,-0.002196979,-0.0295,0.0023
2005-12-31,0.0049490084073511,-0.00315435,-0.000379926,-0.0121,-0.0042
2006-01-31,0.0015470967491895,0.003264849,0.000549802,-0.0506999999999999,0.0025
2006-02-28,0.0004829136289759,-0.002822596,-0.000314345,-0.0186,-0.011
2006-03-31,0.0021560010325387,-0.001506498,-0.000425445,-0.0982,0.0135
2006-04-30,0.0029137363453077,0.002410579,0.001162332,-0.0698,0.0023
2006-05-31,0.0002867534613715,-0.000761691,-0.000402253,-0.045,-0.003
2006-06-30,0.003413440321748,-0.00086374,-0.000193886,-0.038,-0.0053
2006-07-31,-0.0006292195411088,0.00228551,0.000805592,-0.0279999999999999,0.0037999999999999
2006-08-31,0.0043368970799155,0.000469653,-0.00014015,-0.0196,0.0062
2006-09-30,-0.0019120859386942,-0.00873492,-0.001916652,-0.0326,0.0012999999999999
2006-10-31,-0.0009619554450974,-0.006347165,-0.001249067,-0.0404,0.0049999999999999
2006-11-30,-0.0002865471192858,-0.00015518,-0.000249733,-0.0285,0.0039
2006-12-31,0.0101933977036567,0.005030153,0.001399332,-0.073,0.0004
2007-01-31,-0.0035533258347131,-0.000142045,-0.00053082,-0.0587,0.0051
2007-02-28,0.0096806196421974,0.002601719,0.000988725,-0.0162999999999999,-0.0048
2007-03-31,0.0017338711221448,0.002928792,0.000732267,-0.0648,-0.0085999999999999
2007-04-30,0.0067667897596139,6.05e-06,-0.000308975,-0.0409,0.0055
2007-05-31,0.0004182714820011,0.001443329,0.000183803,-0.0687,0.0022
2007-06-30,0.0001800489088541,-0.000550879,-8.65e-05,-0.0564,-0.0057
2007-07-31,-0.0015329279705103,-0.000999442,1.3e-05,-0.0177,-0.0316
2007-08-31,0.0019184974476269,-0.002483237,-0.001417078,-0.0283,-0.0047
2007-09-30,0.0024790413978426,0.002854208,0.000489725,-0.0408,0.0123
2007-10-31,-0.0029993985378622,0.001214377,0.000444023,-0.0233999999999999,-0.0066999999999999
2007-11-30,0.0056151673259785,0.005520023,0.000741982,0.0078,-0.0389
2007-12-31,0.0005242894823984,-0.000156299,-0.000533982,-0.0356,0.0057
2008-01-31,-0.0011780800225924,0.000925634,-0.000908017,-0.0087,-0.0196
2008-02-29,-0.0036575520490611,0.000806785,0.000714623,-0.0257,-0.0089
2008-03-31,-0.0032637406642459,0.001248895,-0.000575321,-0.0106,-0.0165
2008-04-30,-0.0068563647678798,0.000564281,3.78e-05,-0.0414,0.0379
2008-05-31,-0.0060774481843219,0.004114789,0.001708312,-0.0293,-0.0112999999999999
2008-06-30,-0.0026690402855304,0.006930144,0.001218735,0.0046999999999999,-0.0281
2008-07-31,-0.0044528930273699,0.002403755,0.000366818,-0.0210999999999999,-0.0084
2008-08-31,-0.0159848323762696,-0.006568713,-0.001217205,0.0079,-0.0121
2008-09-30,-0.0447902965343063,-0.003007198,-0.001413289,-0.006,-0.0975
2008-10-31,0.0099610192386334,-0.011084252,-0.003030715,-0.0496,-0.0066999999999999
2008-11-30,-0.0130665536170857,-0.017282014,-0.00404033,0.1376,-0.0269
2008-12-31,-0.0287235028768524,-0.003645195,-0.000822791,0.0948,0.0593
2009-01-31,-0.0251050701952593,0.007972776,0.001883983,-0.1127,0.0175
2009-02-28,-0.0061275070098556,0.007197261,0.00159998,-0.0069,-0.0252
2009-03-31,-0.0156244035835593,0.000973468,0.000173592,0.0611,-0.0659
2009-04-30,-0.0080236017273467,0.002794222,0.000503421,-0.067,0.0619
2009-05-31,-0.0098009510100212,0.002754638,0.000660641,-0.0264,0.0737
2009-06-30,-0.0030510904075509,0.008888945,0.002007182,0.0065,0.0267
2009-07-31,0.0118735740344844,-0.001681607,-0.000384283,0.0001,0.0546
2009-08-31,0.0111078668368627,0.002343545,0.000474464,0.0213,0.0004
2009-09-30,0.0085210063728045,0.000455247,5.37e-05,0.0159,0.0097
2009-10-31,0.0022879120963255,0.001470002,0.000281719,-0.0183,0.0187
2009-11-30,0.0040146010216837,0.001533844,0.000389879,0.0201,-0.0163999999999999
2009-12-31,0.0033018820289685,-0.00167899,-0.000414702,-0.0589,0.0309
2010-01-31,0.0106438242905317,-0.001135807,-0.000278229,0.0259,-0.0168
2010-02-28,0.0034260810519493,-0.00245833,-0.000495554,0.0026,0.0006999999999999
2010-03-31,0.0071777554877421,-0.000679233,-0.000115964,-0.019,0.0224
2010-04-30,0.0035127194884418,-0.000664568,-0.000154712,0.0289,0.0053
2010-05-31,0.0136463744239874,-0.001259777,-0.000272724,0.0421,-0.0488
2010-06-30,0.0021535756630708,-0.000886029,-0.00018983,0.043,0.0073
2010-07-31,0.0038283659362869,0.001590193,0.000328376,0.0012,0.0146
2010-08-31,0.0036539335543768,0.000854604,0.000180229,0.0686,-0.0228999999999999
2010-09-30,0.0028741493732376,0.000828025,0.000162334,-0.0169,0.0008999999999999
2010-10-31,-0.0027251161450312,0.002527544,0.000554274,-0.0332,0.0114
2010-11-30,0.0007944689835577,0.001028109,0.000245711,-0.015,0.008
2010-12-31,0.0097476161367033,0.002260293,0.000418999,-0.0402,0.0352
2011-01-31,-0.0020397965137526,0.001070557,0.000285125,-0.0209999999999999,-0.0002
2011-02-28,-0.0043071647606343,0.000756956,0.000104571,0.0098,0.0043999999999999
2011-03-31,0.0105790530686613,0.002603277,0.000555071,-0.0018999999999999,-0.0066
2011-04-30,-0.0035121508965998,0.001571111,0.000300144,0.0189,0.004
2011-05-31,0.0013338314947697,-0.000235486,-3.85e-05,0.0348999999999999,-0.0097999999999999
2011-06-30,0.00286651224211,-0.003373605,-0.000819555,-0.0183,-0.0031
2011-07-31,0.0047353485487393,6.26e-05,0.00011656,0.0418,0.0051
2011-08-31,0.006369555793114,0.000478888,1.39e-05,0.0858,-0.0622
2011-09-30,-0.0007237344168631,-0.000515314,-0.000107608,0.0702,-0.0129
2011-10-31,0.0069662431302042,-0.001901919,-0.000440146,-0.0306999999999999,0.04
2011-11-30,-1.149523183041623e-05,-0.000290608,-7.68e-05,0.0249,-0.0607
2011-12-31,0.0052375212947639,-0.001822302,-0.000414488,0.0269,0.0242
2012-01-31,0.0060651220681382,0.001074998,0.00026311,0.0001,0.0192
2012-02-29,0.003269121296566,0.00022656,5.69e-05,-0.0199,0.0253
2012-03-31,-0.0052042631238764,0.000125744,2.57e-06,-0.0311,-9.99999999999994e-05
2012-04-30,0.0072444911888434,-0.000308701,-4.08e-05,0.0401,-0.0157999999999999
2012-05-31,0.0019622194462565,-0.00399765,-0.000937963,0.0635,-0.0298999999999999
2012-06-30,0.0001087284313614,-0.00181607,-0.000401106,-0.0144999999999999,0.02
2012-07-31,0.0020113937907177,-0.000299491,-5.67e-05,0.0237999999999999,0.0365
2012-08-31,-0.0039600396984535,0.005261199,0.001175577,-0.0078,-0.0024999999999999
2012-09-30,-0.0006970131522159,0.003052824,0.000638777,-0.0156,0.002
2012-10-31,0.0031235136863916,0.000347293,0.000116711,-0.0025,0.022
2012-11-30,0.0040056019364271,-0.004143339,-0.000909276,0.0133999999999999,-0.0236
2012-12-31,0.0026961395482238,-0.001674396,-0.000460684,-0.0211,0.0139999999999999
2013-01-31,4.582454393897706e-05,0.000886206,0.000220238,-0.0339,0.0018999999999999
2013-02-28,0.0047786466332633,0.004102376,0.000888559,0.0107,-0.0021
2013-03-31,0.0041010999968404,-0.0050173,-0.001125113,-0.0072,0.0043999999999999
2013-04-30,-0.0011411572167361,-0.003166469,-0.000735614,0.0369,-0.0029
2013-05-31,0.0009180775556796,7.34e-05,8.96e-06,-0.0635,0.0092999999999999
2013-06-30,0.0018729288663852,0.002027928,0.000437463,-0.0289,-0.0086
2013-07-31,-0.0031952681546973,0.001168424,0.000250832,-0.0178,0.0203999999999999
2013-08-31,0.0058468647156564,0.0013465,0.000289327,-0.0083,0.0005
2013-09-30,0.0053441706785193,-0.0009504,-0.000210107,0.0057,-0.0047
2013-10-31,-0.001188241352775,-0.000582079,-0.000122416,0.0126,0.0083
2013-11-30,0.0024569398384777,0.00084804,0.000170773,-0.0241,0.015
2013-12-31,0.0021102629802056,0.001475156,0.000307862,-0.0214,0.0209
2014-01-31,-0.0037798850953283,0.000947856,0.000234911,0.0541,-0.0217
2014-02-28,0.0075643936294742,-0.000608123,-0.000160193,0.007,0.0093999999999999
2014-03-31,0.0100566181946257,0.000491869,8.78e-05,0.0058,-0.0001
2014-04-30,0.0006463044967315,0.000226569,3.49e-05,0.0176,-0.0021
2014-05-31,0.0040852199788856,0.000230381,5.48e-05,0.0276,-0.0091
2014-06-30,0.0033115651815922,-0.000405337,-0.000105216,-0.0028,0.0045
2014-07-31,0.0021196133435905,-0.000495529,-0.00012822,0.0053,-0.0033
2014-08-31,-0.0015583597065305,-0.001652175,-0.000373755,0.0366,-0.0013
2014-09-30,0.0031259477937446,-0.001046817,-0.000232492,-0.0173,-0.0100999999999999
2014-10-31,0.0001126395128947,-0.001083848,-0.000261705,0.0298,-0.0075
2014-11-30,0.0063011570857973,-0.002508644,-0.000558713,0.0284,-0.0113
2014-12-31,-5.499947655351889e-05,-0.003154873,-0.000700042,0.0288,-0.0107
2015-01-31,-0.0078524697005812,-0.005756148,-0.001318984,0.0706,-0.011
2015-02-28,-0.0065627687063409,0.004484966,0.000999414,-0.0526,0.0203
2015-03-31,-0.0032092148501003,0.003644445,0.000836993,0.0135,-0.0079
2015-04-30,-0.0057123877438316,0.001159058,0.000214754,-0.0253,0.0027
2015-05-31,-0.0045637543510164,0.003194687,0.000709241,-0.0161,-0.0045
2015-06-30,-0.0030298973150353,0.001957224,0.000384781,-0.03,-0.0022
2015-07-31,0.0062217656218344,0.000393409,0.000142939,0.0327,-0.0089999999999999
2015-08-31,-0.0015936700042207,-0.001338794,-0.00033825,0.0009,-0.0079
2015-09-30,-0.0029117820675956,-0.003246461,-0.000749355,0.0167,-0.0040999999999999
2015-10-31,-0.0046166690076905,0.000742004,0.000203255,-0.0055,0.0073
2015-11-30,-0.0075030921768002,0.000743661,0.000239622,-0.0066999999999999,0.0085
2015-12-31,-0.0050328470581177,-0.001765998,-0.000466,-0.0034,0.0022
2016-01-31,0.0052098257507475,-0.000682414,8.33e-06,0.0453,-0.0409
2016-02-29,-0.0054665825498956,-0.001562756,-0.000369923,0.0267999999999999,-0.0062
2016-03-31,-0.007335235622369,0.00326762,0.000577417,-0.0034,0.0426
2016-04-30,0.0028089449032782,0.003383637,0.000806148,-0.0081999999999999,0.0199
2016-05-31,-0.0021868799023714,0.001115468,0.000312086,0.0059,-0.0066
2016-06-30,0.0048299585264057,0.001214187,0.000243981,0.0562999999999999,-0.0213
2016-07-31,0.0010983811372877,-0.002305733,-0.000525709,0.0053999999999999,0.0164
2016-08-31,-0.0008158250254863,0.000571318,0.000172398,-0.017,0.0156
2016-09-30,-0.0009705443610661,0.001171181,0.000200443,-0.0154,0.0004999999999999
2016-10-31,0.0007355928997423,0.00069091,0.000112923,-0.0343,0.0050999999999999
2016-11-30,-0.0039273960123082,-0.000583707,-3.48e-05,-0.0632,0.0089
2016-12-31,0.0069532332066337,0.000794158,0.000286822,-0.0102,0.0116
2017-01-31,-0.0023525247909264,0.00202092,0.000445908,-0.0008,-0.0063999999999999
2017-02-28,-0.0037164604719022,-0.000868523,-0.000211947,0.0086,0.0075
2017-03-31,0.0064213366567216,-0.002715277,-0.000426543,-0.0092,-0.0021999999999999
2017-04-30,0.0094628596689361,-0.000588031,-6.17e-05,0.0071,0.0031
2017-05-31,0.0012031771720604,-0.002533964,-0.000567329,0.0078,0.0067999999999999
2017-06-30,0.0019426112820974,-0.000540941,-2.33e-05,-0.0098999999999999,0.0118
2017-07-31,-0.0022812332139494,-0.000841469,-8.99e-05,-0.0125,0.0087
2017-08-31,-0.004310202614052,0.002762121,0.000721301,0.0182,-0.0136
2017-09-30,0.0010469693003001,0.003292977,0.000618041,-0.0306,0.0168
2017-10-31,0.0122482002303936,-0.001643708,-0.000386877,-0.0116,0.0089
2017-11-30,0.0025867990838959,0.000632872,0.00019005,-0.0070999999999999,-0.0015999999999999
2017-12-31,0.0019495164449301,-0.00011696,0.000202743,-0.0020999999999999,0.0154
2018-01-31,-0.0006250887553482,0.001819948,0.000347334,-0.0447,0.0072
2018-02-28,0.0036591979675755,-8.3e-05,-0.000838734,-0.0365,-0.0089
2018-03-31,0.0046909620224333,-0.001740633,0.000777626,0.0102,-0.0135
2018-04-30,0.0107272313538659,-0.000109582,-6.46e-05,-0.0347,-0.0023
2018-05-31,-0.0092905281348167,-0.000390578,-8.79e-05,-0.0011999999999999,-0.0024
2018-06-30,0.0077954121591394,-0.0016573,-0.000225892,-0.0179,-0.0130999999999999
2018-07-31,0.0013654470473634,-0.001551632,-0.000335455,-0.0321,0.0232
2018-08-31,0.007205905805165,-0.000210967,-0.000140107,-0.0043999999999999,-0.0094
2018-09-30,0.000359272007353,0.000203572,0.000436835,-0.0721,0.0398
2018-10-31,-0.0017149084890979,4.34e-05,-9.37e-05,-0.0417,-0.0119
2018-11-30,0.0005867065923679,-0.002904177,-0.000517439,0.028,-0.0434
2018-12-31,-5.865517155179134e-05,-0.000997638,-0.000239584,0.0247999999999999,-0.0110999999999999
2019-01-31,-0.0059951685971864,-0.002258025,-0.002377341,-0.0157,0.0197
2019-02-28,-0.0052744467391665,0.003931388,0.004049072,-0.0327999999999999,0.0017
2019-03-31,-5.83493550898595e-06,0.000660215,0.0008419,0.0207999999999999,0.0038
2019-04-30,-0.0056613116013632,-0.000203715,-0.00035403,-0.0366,0.0037
2019-05-31,0.0016719821863047,-0.003355511,-0.003493827,0.0291999999999999,-0.0153999999999999
2019-06-30,0.0006842078560396,-0.000433653,-0.000511968,-0.0131,0.0233
2019-07-31,-0.004554243814729,0.002708699,0.002825383,-0.0193,0.006
2019-08-31,0.0073418657026591,-0.001507549,-0.001636865,0.0586999999999999,-0.0058999999999999
2019-09-30,-0.0023759563340348,0.000752627,0.000488311,-0.0387,0.0001999999999999
2019-10-31,-0.009104879986161,0.001549946,0.00120763,-0.0241,0.0058
2019-11-30,0.005357553568289,0.000330489,0.000556174,-0.0224,0.0073
2019-12-31,-0.0025878308042956,-0.000129165,-0.00040448,-0.0407,0.0163999999999999
2020-01-31,-0.0049906430823369,-0.001566078,-0.001530394,0.0478,-0.0113
2020-02-29,0.0025240174219538,0.00021008,0.000261764,0.0436,-0.0307999999999999
2020-03-31,-0.0398025044719627,-0.005600647,-0.006873963,0.0473,-0.0975999999999999
2020-04-30,-0.1436563374758472,-0.002361378,-0.002313694,0.0053,0.0265
2020-05-31,0.0161261761714106,0.006737623,0.006781308,-0.0111,0.0180999999999999
2020-06-30,0.0629861794309221,0.005550439,0.005527124,0.001,0.0123
2020-07-31,0.0370066598495943,0.000963267,0.000937951,0.0271,0.0322999999999999
2020-08-31,0.0091534275376687,-0.001722306,-0.001733622,-0.0362,-0.0139
2020-09-30,-0.0004558434355859,-0.001436185,-0.0014475,0.007,-0.0039
2020-10-31,0.0060830171514254,-0.001095931,-0.001111247,-0.0249,0.0048
2020-11-30,0.0044204089246617,0.001348765,0.001334449,0.0082999999999999,0.0416
2020-12-31,0.0114869575123615,0.001780713,0.001758398,-0.0124,0.0115
2021-01-31,0.0082151723212948,-0.002267181,-0.002276496,-0.0313,-0.0026999999999999
2021-02-28,-0.0351214004447246,0.00210191,0.002075594,-0.0589,0.0179
2021-03-31,0.0285349021138729,0.000999495,0.000978179,-0.0326,-0.0008
2021-04-30,0.0015629481701804,0.001928721,0.001911405,0.0235,-0.0016
2021-05-31,0.008733874604073,-0.000559187,-0.000568503,-0.0001,0.0043999999999999
2021-06-30,0.0036121984062695,0.001862649,0.001881333,0.0282,0.0158
2021-07-31,0.0061463070063423,-0.003322948,-0.003313264,0.0301,-0.0065999999999999
2021-08-31,2.397020503597247e-05,-0.001992897,-0.002017213,-0.004,-0.0009999999999999
2021-09-30,-0.0106845392248544,0.00112273,0.001118415,-0.0255,0.0056
2021-10-31,0.0124706994562533,0.005243788,0.005242472,0.0047,0.0108
2021-11-30,0.0088595409510325,-0.000736169,-0.000721484,0.0205,-0.0116
2021-12-31,-0.0030789338224197,-0.001353612,-0.001384928,-0.0115,-0.0019
2022-01-31,0.0013540775695846,-0.001530821,-0.001555137,-0.0233,-0.0295
2022-02-28,0.0064519440210668,0.001973558,0.001997242,-0.0184,-0.01
2022-03-31,0.0078509533103963,0.002960063,0.002928748,-0.0559,0.0175
2022-04-30,0.0030914907366064,-0.006317052,-0.006055368,-0.0817,0.0225999999999999
2022-05-31,-0.0001790125323282,0.0044822,0.004733884,-0.0275,0.0292
2022-06-30,-0.0008819098103423,0.003207491,0.003444175,-0.0186,-0.0192
2022-07-31,0.0043387683693429,-0.012706707,-0.011626023,0.0121,0.0053999999999999
2022-08-31,0.0009846526793868,-0.000230082,-0.000210397,-0.0644,0.0127999999999999
2022-09-30,0.0028428744443758,0.003021361,0.003411045,-0.1032,0.0242999999999999
2022-10-31,-0.0011297978341966,0.000905909,0.001426593,-0.0452,0.0035999999999999
2022-11-30,-0.0033000469212005,-0.003011542,-0.002496858,-0.0103999999999999,0.0249999999999999
2022-12-31,-0.0155061269535039,-0.002597667,-0.002478982,-0.0467,0.0007999999999999
2023-01-31,0.0104199977654344,0.00448615,0.004421834,,
2023-02-28,0.0001881872068478,-0.00125808,-0.001078396,,
2023-03-31,0.0008975458426414,-0.003232004,-0.003238319,,
2023-04-30,0.0047811086049946,0.003486641,0.003500325,,
2023-05-31,-0.0022050211966906,-0.003174828,-0.002767144,,
2023-06-30,-0.0060792238064024,0.000594894,0.000899578,,
2023-07-31,0.0086603211377402,-0.000351763,-0.000214078,,
2023-08-31,-0.0007358070287928,0.002913192,0.002634876,,
2023-09-30,0.0009257298780518,-0.001236958,-0.000797274,,
2023-10-31,-0.0081466806050283,-0.0032386,-0.003537916,,
2023-11-30,0.0029145098350955,0.001110646,0.00094433,,
2023-12-31,4.869912463512094e-06,0.000892784,,,
